"","Selection_coefficient","Dominance_coefficient","GC_rate","Expected_additive_load","SD_additive_load"
"1",0.01,0.2,1e-13,116489.57,1465.99291863049
"2",0.01,0.2,1e-12,116562.17,1283.21745289493
"3",0.01,0.2,1e-11,116495.91,1406.84614749704
"4",0.01,0.5,1e-13,85813.72,1125.79992732441
"5",0.01,0.5,1e-12,84503.02,7081.87526380698
"6",0.01,0.5,1e-11,72369.51,24519.526284207
