"","Selection_coefficient","Dominance_coefficient","GC_rate","Expected_relative_homozygosity","SD_relative_homozygosity"
"1",0.01,0.2,1e-11,8.83207963090228e-06,3.19205396940423e-05
"2",0.01,0.2,1e-10,5.96827897404132e-05,6.38501522153785e-05
"3",0.01,0.2,1e-09,0.000653529004793567,0.00033512699776691
"4",0.01,0.2,1e-08,0.00680046992120361,0.00210222250145109
"5",0.01,0.2,1e-07,0.0755106161763407,0.0233749449973998
"6",0.01,0.2,1e-06,0.428259423084631,0.080004744767916
"7",0.01,0.2,1e-05,0.859727457591282,0.0365450514742254
