"","Selection_coefficient","Dominance_coefficient","GC_rate","Expected_recessive_load","SD_recessive_load"
"1",0.01,0.2,1e-11,0.09,0.350900716914789
"2",0.01,0.2,1e-09,11.47,15.7065610687401
"3",0.01,0.2,1e-07,657.31,200.96231593073
"4",0.01,0.2,1e-05,816.63,251.432447903181
"5",0.01,0.5,1e-11,0.04,0.242878362539562
"6",0.01,0.5,1e-09,36.45,238.453746864962
"7",0.01,0.5,1e-07,405.08,881.243814277309
"8",0.01,0.5,1e-05,693.66,216.135676617884
