"","Selection_coefficient","Dominance_coefficient","GC_rate","Expected_additive_load","SD_additive_load"
"1",0.01,0.2,1e-11,116803.47,1448.68053832486
"2",0.01,0.2,1e-09,115877.26,1546.00649194346
"3",0.01,0.2,1e-07,70037.72,1639.47967897677
"4",0.01,0.2,1e-05,2398.91,522.559514661858
"5",0.01,0.5,1e-11,85357.02,4598.16730944586
"6",0.01,0.5,1e-09,71826.83,20527.0922525463
"7",0.01,0.5,1e-07,13990.75,5849.85095273306
"8",0.01,0.5,1e-05,1958.4,443.472591479946
