"","Selection_coefficient","Dominance_coefficient","GC_rate","Expected_N_fixed_mutations","SD_N_fixed_mutations"
"1",0.01,0.2,1e-11,0,0
"2",0.01,0.2,1e-09,1.1,1.11464085804543
"3",0.01,0.2,1e-07,161.13,9.03266239261658
"4",0.01,0.2,1e-05,431.34,14.1572838803454
"5",0.01,0.5,1e-11,6.02,42.0379770582686
"6",0.01,0.5,1e-09,131.84,201.256242515643
"7",0.01,0.5,1e-07,568.08,65.1983268050785
"8",0.01,0.5,1e-05,379.56,14.0038378577972
